Logical Record Number,Provider ID,FRN,Provider Name,DBA Name,Holding Company Name,Holding Company Number,Holding Company Final,State,Census Block FIPS Code,Technology Code,Consumer,Max Advertised Downstream Speed (mbps),Max Advertised Upstream Speed (mbps),Business
1,69543,0003723152,Broken Bow TV Cable,Broken Bow Cable,Broken Bow TV Cable,130168,Broken Bow TV Cable,OK,400890987001002,42,1,6,1.5,1
2,69543,0003723152,Broken Bow TV Cable,Broken Bow Cable,Broken Bow TV Cable,130168,Broken Bow TV Cable,OK,400890987001003,42,1,6,1.5,1
3,69543,0003723152,Broken Bow TV Cable,Broken Bow Cable,Broken Bow TV Cable,130168,Broken Bow TV Cable,OK,400890987001004,42,1,6,1.5,1
4,69543,0003723152,Broken Bow TV Cable,Broken Bow Cable,Broken Bow TV Cable,130168,Broken Bow TV Cable,OK,400890987001005,42,1,6,1.5,1
5,69543,0003723152,Broken Bow TV Cable,Broken Bow Cable,Broken Bow TV Cable,130168,Broken Bow TV Cable,OK,400890987001006,42,1,6,1.5,1
6,69543,0003723152,Broken Bow TV Cable,Broken Bow Cable,Broken Bow TV Cable,130168,Broken Bow TV Cable,OK,400890987001007,42,1,6,1.5,1
7,69543,0003723152,Broken Bow TV Cable,Broken Bow Cable,Broken Bow TV Cable,130168,Broken Bow TV Cable,OK,400890987001008,42,1,6,1.5,1
8,69543,0003723152,Broken Bow TV Cable,Broken Bow Cable,Broken Bow TV Cable,130168,Broken Bow TV Cable,OK,400890987001011,42,1,6,1.5,1
9,69543,0003723152,Broken Bow TV Cable,Broken Bow Cable,Broken Bow TV Cable,130168,Broken Bow TV Cable,OK,400890987001012,42,1,6,1.5,1
10,69543,0003723152,Broken Bow TV Cable,Broken Bow Cable,Broken Bow TV Cable,130168,Broken Bow TV Cable,OK,400890987001020,42,1,6,1.5,1
11,69543,0003723152,Broken Bow TV Cable,Broken Bow Cable,Broken Bow TV Cable,130168,Broken Bow TV Cable,OK,400890987001021,42,1,6,1.5,1
12,69543,0003723152,Broken Bow TV Cable,Broken Bow Cable,Broken Bow TV Cable,130168,Broken Bow TV Cable,OK,400890987001035,42,1,6,1.5,1
13,69543,0003723152,Broken Bow TV Cable,Broken Bow Cable,Broken Bow TV Cable,130168,Broken Bow TV Cable,OK,400890987001036,42,1,6,1.5,1
14,69543,0003723152,Broken Bow TV Cable,Broken Bow Cable,Broken Bow TV Cable,130168,Broken Bow TV Cable,OK,400890987001037,42,1,6,1.5,1
15,69543,0003723152,Broken Bow TV Cable,Broken Bow Cable,Broken Bow TV Cable,130168,Broken Bow TV Cable,OK,400890987001038,42,1,6,1.5,1
16,69543,0003723152,Broken Bow TV Cable,Broken Bow Cable,Broken Bow TV Cable,130168,Broken Bow TV Cable,OK,400890987001039,42,1,6,1.5,1
17,69543,0003723152,Broken Bow TV Cable,Broken Bow Cable,Broken Bow TV Cable,130168,Broken Bow TV Cable,OK,400890987001045,42,1,6,1.5,1
18,69543,0003723152,Broken Bow TV Cable,Broken Bow Cable,Broken Bow TV Cable,130168,Broken Bow TV Cable,OK,400890987001046,42,1,6,1.5,1
19,69543,0003723152,Broken Bow TV Cable,Broken Bow Cable,Broken Bow TV Cable,130168,Broken Bow TV Cable,OK,400890987001047,42,1,6,1.5,1
20,69543,0003723152,Broken Bow TV Cable,Broken Bow Cable,Broken Bow TV Cable,130168,Broken Bow TV Cable,OK,400890987001048,42,1,6,1.5,1
21,69543,0003723152,Broken Bow TV Cable,Broken Bow Cable,Broken Bow TV Cable,130168,Broken Bow TV Cable,OK,400890987001049,42,1,6,1.5,1
22,69543,0003723152,Broken Bow TV Cable,Broken Bow Cable,Broken Bow TV Cable,130168,Broken Bow TV Cable,OK,400890987001050,42,1,6,1.5,1
23,69543,0003723152,Broken Bow TV Cable,Broken Bow Cable,Broken Bow TV Cable,130168,Broken Bow TV Cable,OK,400890987001051,42,1,6,1.5,1
24,69543,0003723152,Broken Bow TV Cable,Broken Bow Cable,Broken Bow TV Cable,130168,Broken Bow TV Cable,OK,400890987001052,42,1,6,1.5,1
25,69543,0003723152,Broken Bow TV Cable,Broken Bow Cable,Broken Bow TV Cable,130168,Broken Bow TV Cable,OK,400890987001053,42,1,6,1.5,1
26,69543,0003723152,Broken Bow TV Cable,Broken Bow Cable,Broken Bow TV Cable,130168,Broken Bow TV Cable,OK,400890987001054,42,1,6,1.5,1
27,69543,0003723152,Broken Bow TV Cable,Broken Bow Cable,Broken Bow TV Cable,130168,Broken Bow TV Cable,OK,400890987001130,42,1,6,1.5,1
28,69543,0003723152,Broken Bow TV Cable,Broken Bow Cable,Broken Bow TV Cable,130168,Broken Bow TV Cable,OK,400890987001131,42,1,6,1.5,1
29,69543,0003723152,Broken Bow TV Cable,Broken Bow Cable,Broken Bow TV Cable,130168,Broken Bow TV Cable,OK,400890987001132,42,1,6,1.5,1
30,69543,0003723152,Broken Bow TV Cable,Broken Bow Cable,Broken Bow TV Cable,130168,Broken Bow TV Cable,OK,400890987001133,42,1,6,1.5,1
31,69543,0003723152,Broken Bow TV Cable,Broken Bow Cable,Broken Bow TV Cable,130168,Broken Bow TV Cable,OK,400890987001135,42,1,6,1.5,1
32,69543,0003723152,Broken Bow TV Cable,Broken Bow Cable,Broken Bow TV Cable,130168,Broken Bow TV Cable,OK,400890987001137,42,1,6,1.5,1
33,69543,0003723152,Broken Bow TV Cable,Broken Bow Cable,Broken Bow TV Cable,130168,Broken Bow TV Cable,OK,400890987001138,42,1,6,1.5,1
34,69543,0003723152,Broken Bow TV Cable,Broken Bow Cable,Broken Bow TV Cable,130168,Broken Bow TV Cable,OK,400890987001139,42,1,6,1.5,1
35,69543,0003723152,Broken Bow TV Cable,Broken Bow Cable,Broken Bow TV Cable,130168,Broken Bow TV Cable,OK,400890987001140,42,1,6,1.5,1
36,69543,0003723152,Broken Bow TV Cable,Broken Bow Cable,Broken Bow TV Cable,130168,Broken Bow TV Cable,OK,400890987001141,42,1,6,1.5,1
37,69543,0003723152,Broken Bow TV Cable,Broken Bow Cable,Broken Bow TV Cable,130168,Broken Bow TV Cable,OK,400890987001142,42,1,6,1.5,1
38,69543,0003723152,Broken Bow TV Cable,Broken Bow Cable,Broken Bow TV Cable,130168,Broken Bow TV Cable,OK,400890987001143,42,1,6,1.5,1
39,69543,0003723152,Broken Bow TV Cable,Broken Bow Cable,Broken Bow TV Cable,130168,Broken Bow TV Cable,OK,400890987001144,42,1,6,1.5,1
40,69543,0003723152,Broken Bow TV Cable,Broken Bow Cable,Broken Bow TV Cable,130168,Broken Bow TV Cable,OK,400890987001145,42,1,6,1.5,1
41,69543,0003723152,Broken Bow TV Cable,Broken Bow Cable,Broken Bow TV Cable,130168,Broken Bow TV Cable,OK,400890987001146,42,1,6,1.5,1
42,69543,0003723152,Broken Bow TV Cable,Broken Bow Cable,Broken Bow TV Cable,130168,Broken Bow TV Cable,OK,400890987001147,42,1,6,1.5,1
43,69543,0003723152,Broken Bow TV Cable,Broken Bow Cable,Broken Bow TV Cable,130168,Broken Bow TV Cable,OK,400890987001148,42,1,6,1.5,1
44,69543,0003723152,Broken Bow TV Cable,Broken Bow Cable,Broken Bow TV Cable,130168,Broken Bow TV Cable,OK,400890987001149,42,1,6,1.5,1
45,69543,0003723152,Broken Bow TV Cable,Broken Bow Cable,Broken Bow TV Cable,130168,Broken Bow TV Cable,OK,400890987001150,42,1,6,1.5,1
46,69543,0003723152,Broken Bow TV Cable,Broken Bow Cable,Broken Bow TV Cable,130168,Broken Bow TV Cable,OK,400890987001151,42,1,6,1.5,1
47,69543,0003723152,Broken Bow TV Cable,Broken Bow Cable,Broken Bow TV Cable,130168,Broken Bow TV Cable,OK,400890987001152,42,1,6,1.5,1
48,69543,0003723152,Broken Bow TV Cable,Broken Bow Cable,Broken Bow TV Cable,130168,Broken Bow TV Cable,OK,400890987001153,42,1,6,1.5,1
49,69543,0003723152,Broken Bow TV Cable,Broken Bow Cable,Broken Bow TV Cable,130168,Broken Bow TV Cable,OK,400890987001154,42,1,6,1.5,1
50,69543,0003723152,Broken Bow TV Cable,Broken Bow Cable,Broken Bow TV Cable,130168,Broken Bow TV Cable,OK,400890987001155,42,1,6,1.5,1
51,69543,0003723152,Broken Bow TV Cable,Broken Bow Cable,Broken Bow TV Cable,130168,Broken Bow TV Cable,OK,400890987001156,42,1,6,1.5,1
52,69543,0003723152,Broken Bow TV Cable,Broken Bow Cable,Broken Bow TV Cable,130168,Broken Bow TV Cable,OK,400890987001157,42,1,6,1.5,1
53,69543,0003723152,Broken Bow TV Cable,Broken Bow Cable,Broken Bow TV Cable,130168,Broken Bow TV Cable,OK,400890987001158,42,1,6,1.5,1
54,69543,0003723152,Broken Bow TV Cable,Broken Bow Cable,Broken Bow TV Cable,130168,Broken Bow TV Cable,OK,400890987001159,42,1,6,1.5,1
55,69543,0003723152,Broken Bow TV Cable,Broken Bow Cable,Broken Bow TV Cable,130168,Broken Bow TV Cable,OK,400890987001160,42,1,6,1.5,1
56,69543,0003723152,Broken Bow TV Cable,Broken Bow Cable,Broken Bow TV Cable,130168,Broken Bow TV Cable,OK,400890987001161,42,1,6,1.5,1
57,69543,0003723152,Broken Bow TV Cable,Broken Bow Cable,Broken Bow TV Cable,130168,Broken Bow TV Cable,OK,400890987001162,42,1,6,1.5,1
58,69543,0003723152,Broken Bow TV Cable,Broken Bow Cable,Broken Bow TV Cable,130168,Broken Bow TV Cable,OK,400890987001163,42,1,6,1.5,1
59,69543,0003723152,Broken Bow TV Cable,Broken Bow Cable,Broken Bow TV Cable,130168,Broken Bow TV Cable,OK,400890987001164,42,1,6,1.5,1
60,69543,0003723152,Broken Bow TV Cable,Broken Bow Cable,Broken Bow TV Cable,130168,Broken Bow TV Cable,OK,400890987001166,42,1,6,1.5,1
61,69543,0003723152,Broken Bow TV Cable,Broken Bow Cable,Broken Bow TV Cable,130168,Broken Bow TV Cable,OK,400890987001167,42,1,6,1.5,1
62,69543,0003723152,Broken Bow TV Cable,Broken Bow Cable,Broken Bow TV Cable,130168,Broken Bow TV Cable,OK,400890987001187,42,1,6,1.5,1
63,69543,0003723152,Broken Bow TV Cable,Broken Bow Cable,Broken Bow TV Cable,130168,Broken Bow TV Cable,OK,400890987001188,42,1,6,1.5,1
64,69543,0003723152,Broken Bow TV Cable,Broken Bow Cable,Broken Bow TV Cable,130168,Broken Bow TV Cable,OK,400890987001190,42,1,6,1.5,1
65,69543,0003723152,Broken Bow TV Cable,Broken Bow Cable,Broken Bow TV Cable,130168,Broken Bow TV Cable,OK,400890987001196,42,1,6,1.5,1
66,69543,0003723152,Broken Bow TV Cable,Broken Bow Cable,Broken Bow TV Cable,130168,Broken Bow TV Cable,OK,400890987001204,42,1,6,1.5,1
67,69543,0003723152,Broken Bow TV Cable,Broken Bow Cable,Broken Bow TV Cable,130168,Broken Bow TV Cable,OK,400890987001205,42,1,6,1.5,1
68,69543,0003723152,Broken Bow TV Cable,Broken Bow Cable,Broken Bow TV Cable,130168,Broken Bow TV Cable,OK,400890987001207,42,1,6,1.5,1
69,69543,0003723152,Broken Bow TV Cable,Broken Bow Cable,Broken Bow TV Cable,130168,Broken Bow TV Cable,OK,400890987002000,42,1,6,1.5,1
70,69543,0003723152,Broken Bow TV Cable,Broken Bow Cable,Broken Bow TV Cable,130168,Broken Bow TV Cable,OK,400890987002002,42,1,6,1.5,1
71,69543,0003723152,Broken Bow TV Cable,Broken Bow Cable,Broken Bow TV Cable,130168,Broken Bow TV Cable,OK,400890987002003,42,1,6,1.5,1
72,69543,0003723152,Broken Bow TV Cable,Broken Bow Cable,Broken Bow TV Cable,130168,Broken Bow TV Cable,OK,400890987002004,42,1,6,1.5,1
73,69543,0003723152,Broken Bow TV Cable,Broken Bow Cable,Broken Bow TV Cable,130168,Broken Bow TV Cable,OK,400890987002005,42,1,6,1.5,1
74,69543,0003723152,Broken Bow TV Cable,Broken Bow Cable,Broken Bow TV Cable,130168,Broken Bow TV Cable,OK,400890987002014,42,1,6,1.5,1
75,69543,0003723152,Broken Bow TV Cable,Broken Bow Cable,Broken Bow TV Cable,130168,Broken Bow TV Cable,OK,400890987002015,42,1,6,1.5,1
76,69543,0003723152,Broken Bow TV Cable,Broken Bow Cable,Broken Bow TV Cable,130168,Broken Bow TV Cable,OK,400890987002070,42,1,6,1.5,1
77,69543,0003723152,Broken Bow TV Cable,Broken Bow Cable,Broken Bow TV Cable,130168,Broken Bow TV Cable,OK,400890987002071,42,1,6,1.5,1
78,69543,0003723152,Broken Bow TV Cable,Broken Bow Cable,Broken Bow TV Cable,130168,Broken Bow TV Cable,OK,400890987002072,42,1,6,1.5,1
79,69543,0003723152,Broken Bow TV Cable,Broken Bow Cable,Broken Bow TV Cable,130168,Broken Bow TV Cable,OK,400890987002073,42,1,6,1.5,1
80,69543,0003723152,Broken Bow TV Cable,Broken Bow Cable,Broken Bow TV Cable,130168,Broken Bow TV Cable,OK,400890987002074,42,1,6,1.5,1
81,69543,0003723152,Broken Bow TV Cable,Broken Bow Cable,Broken Bow TV Cable,130168,Broken Bow TV Cable,OK,400890987002076,42,1,6,1.5,1
82,69543,0003723152,Broken Bow TV Cable,Broken Bow Cable,Broken Bow TV Cable,130168,Broken Bow TV Cable,OK,400890987002078,42,1,6,1.5,1
83,69543,0003723152,Broken Bow TV Cable,Broken Bow Cable,Broken Bow TV Cable,130168,Broken Bow TV Cable,OK,400890987002079,42,1,6,1.5,1
84,69543,0003723152,Broken Bow TV Cable,Broken Bow Cable,Broken Bow TV Cable,130168,Broken Bow TV Cable,OK,400890987002085,42,1,6,1.5,1
85,69543,0003723152,Broken Bow TV Cable,Broken Bow Cable,Broken Bow TV Cable,130168,Broken Bow TV Cable,OK,400890987002086,42,1,6,1.5,1
86,69543,0003723152,Broken Bow TV Cable,Broken Bow Cable,Broken Bow TV Cable,130168,Broken Bow TV Cable,OK,400890987002087,42,1,6,1.5,1
87,69543,0003723152,Broken Bow TV Cable,Broken Bow Cable,Broken Bow TV Cable,130168,Broken Bow TV Cable,OK,400890987002088,42,1,6,1.5,1
88,69543,0003723152,Broken Bow TV Cable,Broken Bow Cable,Broken Bow TV Cable,130168,Broken Bow TV Cable,OK,400890987002089,42,1,6,1.5,1
89,69543,0003723152,Broken Bow TV Cable,Broken Bow Cable,Broken Bow TV Cable,130168,Broken Bow TV Cable,OK,400890987002090,42,1,6,1.5,1
90,69543,0003723152,Broken Bow TV Cable,Broken Bow Cable,Broken Bow TV Cable,130168,Broken Bow TV Cable,OK,400890987002091,42,1,6,1.5,1
91,69543,0003723152,Broken Bow TV Cable,Broken Bow Cable,Broken Bow TV Cable,130168,Broken Bow TV Cable,OK,400890987002092,42,1,6,1.5,1
92,69543,0003723152,Broken Bow TV Cable,Broken Bow Cable,Broken Bow TV Cable,130168,Broken Bow TV Cable,OK,400890987002093,42,1,6,1.5,1
93,69543,0003723152,Broken Bow TV Cable,Broken Bow Cable,Broken Bow TV Cable,130168,Broken Bow TV Cable,OK,400890987002094,42,1,6,1.5,1
94,69543,0003723152,Broken Bow TV Cable,Broken Bow Cable,Broken Bow TV Cable,130168,Broken Bow TV Cable,OK,400890987002095,42,1,6,1.5,1
95,69543,0003723152,Broken Bow TV Cable,Broken Bow Cable,Broken Bow TV Cable,130168,Broken Bow TV Cable,OK,400890987002096,42,1,6,1.5,1
96,69543,0003723152,Broken Bow TV Cable,Broken Bow Cable,Broken Bow TV Cable,130168,Broken Bow TV Cable,OK,400890987002097,42,1,6,1.5,1
97,69543,0003723152,Broken Bow TV Cable,Broken Bow Cable,Broken Bow TV Cable,130168,Broken Bow TV Cable,OK,400890987002098,42,1,6,1.5,1
98,69543,0003723152,Broken Bow TV Cable,Broken Bow Cable,Broken Bow TV Cable,130168,Broken Bow TV Cable,OK,400890987002099,42,1,6,1.5,1
99,69543,0003723152,Broken Bow TV Cable,Broken Bow Cable,Broken Bow TV Cable,130168,Broken Bow TV Cable,OK,400890987002140,42,1,6,1.5,1
100,69543,0003723152,Broken Bow TV Cable,Broken Bow Cable,Broken Bow TV Cable,130168,Broken Bow TV Cable,OK,400890987002141,42,1,6,1.5,1
101,69543,0003723152,Broken Bow TV Cable,Broken Bow Cable,Broken Bow TV Cable,130168,Broken Bow TV Cable,OK,400890987002142,42,1,6,1.5,1
102,69543,0003723152,Broken Bow TV Cable,Broken Bow Cable,Broken Bow TV Cable,130168,Broken Bow TV Cable,OK,400890987002143,42,1,6,1.5,1
103,69543,0003723152,Broken Bow TV Cable,Broken Bow Cable,Broken Bow TV Cable,130168,Broken Bow TV Cable,OK,400890987002144,42,1,6,1.5,1
104,69543,0003723152,Broken Bow TV Cable,Broken Bow Cable,Broken Bow TV Cable,130168,Broken Bow TV Cable,OK,400890987002145,42,1,6,1.5,1
105,69543,0003723152,Broken Bow TV Cable,Broken Bow Cable,Broken Bow TV Cable,130168,Broken Bow TV Cable,OK,400890987002146,42,1,6,1.5,1
106,69543,0003723152,Broken Bow TV Cable,Broken Bow Cable,Broken Bow TV Cable,130168,Broken Bow TV Cable,OK,400890987003000,42,1,6,1.5,1
107,69543,0003723152,Broken Bow TV Cable,Broken Bow Cable,Broken Bow TV Cable,130168,Broken Bow TV Cable,OK,400890987003001,42,1,6,1.5,1
108,69543,0003723152,Broken Bow TV Cable,Broken Bow Cable,Broken Bow TV Cable,130168,Broken Bow TV Cable,OK,400890987003002,42,1,6,1.5,1
109,69543,0003723152,Broken Bow TV Cable,Broken Bow Cable,Broken Bow TV Cable,130168,Broken Bow TV Cable,OK,400890987003003,42,1,6,1.5,1
110,69543,0003723152,Broken Bow TV Cable,Broken Bow Cable,Broken Bow TV Cable,130168,Broken Bow TV Cable,OK,400890987003004,42,1,6,1.5,1
111,69543,0003723152,Broken Bow TV Cable,Broken Bow Cable,Broken Bow TV Cable,130168,Broken Bow TV Cable,OK,400890987003005,42,1,6,1.5,1
112,69543,0003723152,Broken Bow TV Cable,Broken Bow Cable,Broken Bow TV Cable,130168,Broken Bow TV Cable,OK,400890987003006,42,1,6,1.5,1
113,69543,0003723152,Broken Bow TV Cable,Broken Bow Cable,Broken Bow TV Cable,130168,Broken Bow TV Cable,OK,400890987003007,42,1,6,1.5,1
114,69543,0003723152,Broken Bow TV Cable,Broken Bow Cable,Broken Bow TV Cable,130168,Broken Bow TV Cable,OK,400890987003008,42,1,6,1.5,1
115,69543,0003723152,Broken Bow TV Cable,Broken Bow Cable,Broken Bow TV Cable,130168,Broken Bow TV Cable,OK,400890987003009,42,1,6,1.5,1
116,69543,0003723152,Broken Bow TV Cable,Broken Bow Cable,Broken Bow TV Cable,130168,Broken Bow TV Cable,OK,400890987003010,42,1,6,1.5,1
117,69543,0003723152,Broken Bow TV Cable,Broken Bow Cable,Broken Bow TV Cable,130168,Broken Bow TV Cable,OK,400890987003011,42,1,6,1.5,1
118,69543,0003723152,Broken Bow TV Cable,Broken Bow Cable,Broken Bow TV Cable,130168,Broken Bow TV Cable,OK,400890987003012,42,1,6,1.5,1
119,69543,0003723152,Broken Bow TV Cable,Broken Bow Cable,Broken Bow TV Cable,130168,Broken Bow TV Cable,OK,400890987003013,42,1,6,1.5,1
120,69543,0003723152,Broken Bow TV Cable,Broken Bow Cable,Broken Bow TV Cable,130168,Broken Bow TV Cable,OK,400890987003014,42,1,6,1.5,1
121,69543,0003723152,Broken Bow TV Cable,Broken Bow Cable,Broken Bow TV Cable,130168,Broken Bow TV Cable,OK,400890987003015,42,1,6,1.5,1
122,69543,0003723152,Broken Bow TV Cable,Broken Bow Cable,Broken Bow TV Cable,130168,Broken Bow TV Cable,OK,400890987003016,42,1,6,1.5,1
123,69543,0003723152,Broken Bow TV Cable,Broken Bow Cable,Broken Bow TV Cable,130168,Broken Bow TV Cable,OK,400890987003017,42,1,6,1.5,1
124,69543,0003723152,Broken Bow TV Cable,Broken Bow Cable,Broken Bow TV Cable,130168,Broken Bow TV Cable,OK,400890987003018,42,1,6,1.5,1
125,69543,0003723152,Broken Bow TV Cable,Broken Bow Cable,Broken Bow TV Cable,130168,Broken Bow TV Cable,OK,400890987003019,42,1,6,1.5,1
126,69543,0003723152,Broken Bow TV Cable,Broken Bow Cable,Broken Bow TV Cable,130168,Broken Bow TV Cable,OK,400890987003020,42,1,6,1.5,1
127,69543,0003723152,Broken Bow TV Cable,Broken Bow Cable,Broken Bow TV Cable,130168,Broken Bow TV Cable,OK,400890987003021,42,1,6,1.5,1
128,69543,0003723152,Broken Bow TV Cable,Broken Bow Cable,Broken Bow TV Cable,130168,Broken Bow TV Cable,OK,400890987003022,42,1,6,1.5,1
129,69543,0003723152,Broken Bow TV Cable,Broken Bow Cable,Broken Bow TV Cable,130168,Broken Bow TV Cable,OK,400890987003023,42,1,6,1.5,1
130,69543,0003723152,Broken Bow TV Cable,Broken Bow Cable,Broken Bow TV Cable,130168,Broken Bow TV Cable,OK,400890987003024,42,1,6,1.5,1
131,69543,0003723152,Broken Bow TV Cable,Broken Bow Cable,Broken Bow TV Cable,130168,Broken Bow TV Cable,OK,400890987003025,42,1,6,1.5,1
132,69543,0003723152,Broken Bow TV Cable,Broken Bow Cable,Broken Bow TV Cable,130168,Broken Bow TV Cable,OK,400890987003026,42,1,6,1.5,1
133,69543,0003723152,Broken Bow TV Cable,Broken Bow Cable,Broken Bow TV Cable,130168,Broken Bow TV Cable,OK,400890987003027,42,1,6,1.5,1
134,69543,0003723152,Broken Bow TV Cable,Broken Bow Cable,Broken Bow TV Cable,130168,Broken Bow TV Cable,OK,400890987003028,42,1,6,1.5,1
135,69543,0003723152,Broken Bow TV Cable,Broken Bow Cable,Broken Bow TV Cable,130168,Broken Bow TV Cable,OK,400890987003029,42,1,6,1.5,1
136,69543,0003723152,Broken Bow TV Cable,Broken Bow Cable,Broken Bow TV Cable,130168,Broken Bow TV Cable,OK,400890987003030,42,1,6,1.5,1
137,69543,0003723152,Broken Bow TV Cable,Broken Bow Cable,Broken Bow TV Cable,130168,Broken Bow TV Cable,OK,400890987003031,42,1,6,1.5,1
138,69543,0003723152,Broken Bow TV Cable,Broken Bow Cable,Broken Bow TV Cable,130168,Broken Bow TV Cable,OK,400890987003032,42,1,6,1.5,1
139,69543,0003723152,Broken Bow TV Cable,Broken Bow Cable,Broken Bow TV Cable,130168,Broken Bow TV Cable,OK,400890987003033,42,1,6,1.5,1
140,69543,0003723152,Broken Bow TV Cable,Broken Bow Cable,Broken Bow TV Cable,130168,Broken Bow TV Cable,OK,400890987003034,42,1,6,1.5,1
141,69543,0003723152,Broken Bow TV Cable,Broken Bow Cable,Broken Bow TV Cable,130168,Broken Bow TV Cable,OK,400890987003035,42,1,6,1.5,1
142,69543,0003723152,Broken Bow TV Cable,Broken Bow Cable,Broken Bow TV Cable,130168,Broken Bow TV Cable,OK,400890987003036,42,1,6,1.5,1
143,69543,0003723152,Broken Bow TV Cable,Broken Bow Cable,Broken Bow TV Cable,130168,Broken Bow TV Cable,OK,400890987003037,42,1,6,1.5,1
144,69543,0003723152,Broken Bow TV Cable,Broken Bow Cable,Broken Bow TV Cable,130168,Broken Bow TV Cable,OK,400890987003038,42,1,6,1.5,1
145,69543,0003723152,Broken Bow TV Cable,Broken Bow Cable,Broken Bow TV Cable,130168,Broken Bow TV Cable,OK,400890987003039,42,1,6,1.5,1
146,69543,0003723152,Broken Bow TV Cable,Broken Bow Cable,Broken Bow TV Cable,130168,Broken Bow TV Cable,OK,400890987003040,42,1,6,1.5,1
147,69543,0003723152,Broken Bow TV Cable,Broken Bow Cable,Broken Bow TV Cable,130168,Broken Bow TV Cable,OK,400890987003041,42,1,6,1.5,1
148,69543,0003723152,Broken Bow TV Cable,Broken Bow Cable,Broken Bow TV Cable,130168,Broken Bow TV Cable,OK,400890987003042,42,1,6,1.5,1
149,69543,0003723152,Broken Bow TV Cable,Broken Bow Cable,Broken Bow TV Cable,130168,Broken Bow TV Cable,OK,400890987003043,42,1,6,1.5,1
150,69543,0003723152,Broken Bow TV Cable,Broken Bow Cable,Broken Bow TV Cable,130168,Broken Bow TV Cable,OK,400890987003044,42,1,6,1.5,1
151,69543,0003723152,Broken Bow TV Cable,Broken Bow Cable,Broken Bow TV Cable,130168,Broken Bow TV Cable,OK,400890987003045,42,1,6,1.5,1
152,69543,0003723152,Broken Bow TV Cable,Broken Bow Cable,Broken Bow TV Cable,130168,Broken Bow TV Cable,OK,400890987003046,42,1,6,1.5,1
153,69543,0003723152,Broken Bow TV Cable,Broken Bow Cable,Broken Bow TV Cable,130168,Broken Bow TV Cable,OK,400890987003047,42,1,6,1.5,1
154,69543,0003723152,Broken Bow TV Cable,Broken Bow Cable,Broken Bow TV Cable,130168,Broken Bow TV Cable,OK,400890987003048,42,1,6,1.5,1
155,69543,0003723152,Broken Bow TV Cable,Broken Bow Cable,Broken Bow TV Cable,130168,Broken Bow TV Cable,OK,400890987003049,42,1,6,1.5,1
156,69543,0003723152,Broken Bow TV Cable,Broken Bow Cable,Broken Bow TV Cable,130168,Broken Bow TV Cable,OK,400890987003050,42,1,6,1.5,1
157,69543,0003723152,Broken Bow TV Cable,Broken Bow Cable,Broken Bow TV Cable,130168,Broken Bow TV Cable,OK,400890987003051,42,1,6,1.5,1
158,69543,0003723152,Broken Bow TV Cable,Broken Bow Cable,Broken Bow TV Cable,130168,Broken Bow TV Cable,OK,400890987003052,42,1,6,1.5,1
159,69543,0003723152,Broken Bow TV Cable,Broken Bow Cable,Broken Bow TV Cable,130168,Broken Bow TV Cable,OK,400890987003053,42,1,6,1.5,1
160,69543,0003723152,Broken Bow TV Cable,Broken Bow Cable,Broken Bow TV Cable,130168,Broken Bow TV Cable,OK,400890987003054,42,1,6,1.5,1
161,69543,0003723152,Broken Bow TV Cable,Broken Bow Cable,Broken Bow TV Cable,130168,Broken Bow TV Cable,OK,400890987003055,42,1,6,1.5,1
162,69543,0003723152,Broken Bow TV Cable,Broken Bow Cable,Broken Bow TV Cable,130168,Broken Bow TV Cable,OK,400890987003056,42,1,6,1.5,1
163,69543,0003723152,Broken Bow TV Cable,Broken Bow Cable,Broken Bow TV Cable,130168,Broken Bow TV Cable,OK,400890987003057,42,1,6,1.5,1
164,69543,0003723152,Broken Bow TV Cable,Broken Bow Cable,Broken Bow TV Cable,130168,Broken Bow TV Cable,OK,400890987003058,42,1,6,1.5,1
165,69543,0003723152,Broken Bow TV Cable,Broken Bow Cable,Broken Bow TV Cable,130168,Broken Bow TV Cable,OK,400890987003059,42,1,6,1.5,1
166,69543,0003723152,Broken Bow TV Cable,Broken Bow Cable,Broken Bow TV Cable,130168,Broken Bow TV Cable,OK,400890987003060,42,1,6,1.5,1
167,69543,0003723152,Broken Bow TV Cable,Broken Bow Cable,Broken Bow TV Cable,130168,Broken Bow TV Cable,OK,400890987003061,42,1,6,1.5,1
168,69543,0003723152,Broken Bow TV Cable,Broken Bow Cable,Broken Bow TV Cable,130168,Broken Bow TV Cable,OK,400890987003062,42,1,6,1.5,1
169,69543,0003723152,Broken Bow TV Cable,Broken Bow Cable,Broken Bow TV Cable,130168,Broken Bow TV Cable,OK,400890987003063,42,1,6,1.5,1
170,69543,0003723152,Broken Bow TV Cable,Broken Bow Cable,Broken Bow TV Cable,130168,Broken Bow TV Cable,OK,400890987003064,42,1,6,1.5,1
171,69543,0003723152,Broken Bow TV Cable,Broken Bow Cable,Broken Bow TV Cable,130168,Broken Bow TV Cable,OK,400890987003065,42,1,6,1.5,1
172,69543,0003723152,Broken Bow TV Cable,Broken Bow Cable,Broken Bow TV Cable,130168,Broken Bow TV Cable,OK,400890987003066,42,1,6,1.5,1
173,69543,0003723152,Broken Bow TV Cable,Broken Bow Cable,Broken Bow TV Cable,130168,Broken Bow TV Cable,OK,400890987003067,42,1,6,1.5,1
174,69543,0003723152,Broken Bow TV Cable,Broken Bow Cable,Broken Bow TV Cable,130168,Broken Bow TV Cable,OK,400890987003068,42,1,6,1.5,1
175,69543,0003723152,Broken Bow TV Cable,Broken Bow Cable,Broken Bow TV Cable,130168,Broken Bow TV Cable,OK,400890987004000,42,1,6,1.5,1
176,69543,0003723152,Broken Bow TV Cable,Broken Bow Cable,Broken Bow TV Cable,130168,Broken Bow TV Cable,OK,400890987004001,42,1,6,1.5,1
177,69543,0003723152,Broken Bow TV Cable,Broken Bow Cable,Broken Bow TV Cable,130168,Broken Bow TV Cable,OK,400890987004002,42,1,6,1.5,1
178,69543,0003723152,Broken Bow TV Cable,Broken Bow Cable,Broken Bow TV Cable,130168,Broken Bow TV Cable,OK,400890987004003,42,1,6,1.5,1
179,69543,0003723152,Broken Bow TV Cable,Broken Bow Cable,Broken Bow TV Cable,130168,Broken Bow TV Cable,OK,400890987004004,42,1,6,1.5,1
180,69543,0003723152,Broken Bow TV Cable,Broken Bow Cable,Broken Bow TV Cable,130168,Broken Bow TV Cable,OK,400890987004005,42,1,6,1.5,1
181,69543,0003723152,Broken Bow TV Cable,Broken Bow Cable,Broken Bow TV Cable,130168,Broken Bow TV Cable,OK,400890987004006,42,1,6,1.5,1
182,69543,0003723152,Broken Bow TV Cable,Broken Bow Cable,Broken Bow TV Cable,130168,Broken Bow TV Cable,OK,400890987004007,42,1,6,1.5,1
183,69543,0003723152,Broken Bow TV Cable,Broken Bow Cable,Broken Bow TV Cable,130168,Broken Bow TV Cable,OK,400890987004008,42,1,6,1.5,1
184,69543,0003723152,Broken Bow TV Cable,Broken Bow Cable,Broken Bow TV Cable,130168,Broken Bow TV Cable,OK,400890987004009,42,1,6,1.5,1
185,69543,0003723152,Broken Bow TV Cable,Broken Bow Cable,Broken Bow TV Cable,130168,Broken Bow TV Cable,OK,400890987004010,42,1,6,1.5,1
186,69543,0003723152,Broken Bow TV Cable,Broken Bow Cable,Broken Bow TV Cable,130168,Broken Bow TV Cable,OK,400890987004011,42,1,6,1.5,1
187,69543,0003723152,Broken Bow TV Cable,Broken Bow Cable,Broken Bow TV Cable,130168,Broken Bow TV Cable,OK,400890987004012,42,1,6,1.5,1
188,69543,0003723152,Broken Bow TV Cable,Broken Bow Cable,Broken Bow TV Cable,130168,Broken Bow TV Cable,OK,400890987004013,42,1,6,1.5,1
189,69543,0003723152,Broken Bow TV Cable,Broken Bow Cable,Broken Bow TV Cable,130168,Broken Bow TV Cable,OK,400890987004014,42,1,6,1.5,1
190,69543,0003723152,Broken Bow TV Cable,Broken Bow Cable,Broken Bow TV Cable,130168,Broken Bow TV Cable,OK,400890987004015,42,1,6,1.5,1
191,69543,0003723152,Broken Bow TV Cable,Broken Bow Cable,Broken Bow TV Cable,130168,Broken Bow TV Cable,OK,400890987004016,42,1,6,1.5,1
192,69543,0003723152,Broken Bow TV Cable,Broken Bow Cable,Broken Bow TV Cable,130168,Broken Bow TV Cable,OK,400890987004017,42,1,6,1.5,1
193,69543,0003723152,Broken Bow TV Cable,Broken Bow Cable,Broken Bow TV Cable,130168,Broken Bow TV Cable,OK,400890987004018,42,1,6,1.5,1
194,69543,0003723152,Broken Bow TV Cable,Broken Bow Cable,Broken Bow TV Cable,130168,Broken Bow TV Cable,OK,400890987004019,42,1,6,1.5,1
195,69543,0003723152,Broken Bow TV Cable,Broken Bow Cable,Broken Bow TV Cable,130168,Broken Bow TV Cable,OK,400890987004020,42,1,6,1.5,1
196,69543,0003723152,Broken Bow TV Cable,Broken Bow Cable,Broken Bow TV Cable,130168,Broken Bow TV Cable,OK,400890987004021,42,1,6,1.5,1
197,69543,0003723152,Broken Bow TV Cable,Broken Bow Cable,Broken Bow TV Cable,130168,Broken Bow TV Cable,OK,400890987004022,42,1,6,1.5,1
198,69543,0003723152,Broken Bow TV Cable,Broken Bow Cable,Broken Bow TV Cable,130168,Broken Bow TV Cable,OK,400890987004023,42,1,6,1.5,1
199,69543,0003723152,Broken Bow TV Cable,Broken Bow Cable,Broken Bow TV Cable,130168,Broken Bow TV Cable,OK,400890987004024,42,1,6,1.5,1
200,69543,0003723152,Broken Bow TV Cable,Broken Bow Cable,Broken Bow TV Cable,130168,Broken Bow TV Cable,OK,400890987004025,42,1,6,1.5,1
201,69543,0003723152,Broken Bow TV Cable,Broken Bow Cable,Broken Bow TV Cable,130168,Broken Bow TV Cable,OK,400890987004026,42,1,6,1.5,1
202,69543,0003723152,Broken Bow TV Cable,Broken Bow Cable,Broken Bow TV Cable,130168,Broken Bow TV Cable,OK,400890987004027,42,1,6,1.5,1
203,69543,0003723152,Broken Bow TV Cable,Broken Bow Cable,Broken Bow TV Cable,130168,Broken Bow TV Cable,OK,400890987004028,42,1,6,1.5,1
204,69543,0003723152,Broken Bow TV Cable,Broken Bow Cable,Broken Bow TV Cable,130168,Broken Bow TV Cable,OK,400890987004029,42,1,6,1.5,1
205,69543,0003723152,Broken Bow TV Cable,Broken Bow Cable,Broken Bow TV Cable,130168,Broken Bow TV Cable,OK,400890987004030,42,1,6,1.5,1
206,69543,0003723152,Broken Bow TV Cable,Broken Bow Cable,Broken Bow TV Cable,130168,Broken Bow TV Cable,OK,400890987004031,42,1,6,1.5,1
207,69543,0003723152,Broken Bow TV Cable,Broken Bow Cable,Broken Bow TV Cable,130168,Broken Bow TV Cable,OK,400890987004032,42,1,6,1.5,1
208,69543,0003723152,Broken Bow TV Cable,Broken Bow Cable,Broken Bow TV Cable,130168,Broken Bow TV Cable,OK,400890987004033,42,1,6,1.5,1
209,69543,0003723152,Broken Bow TV Cable,Broken Bow Cable,Broken Bow TV Cable,130168,Broken Bow TV Cable,OK,400890987004034,42,1,6,1.5,1
210,69543,0003723152,Broken Bow TV Cable,Broken Bow Cable,Broken Bow TV Cable,130168,Broken Bow TV Cable,OK,400890987004035,42,1,6,1.5,1
211,69543,0003723152,Broken Bow TV Cable,Broken Bow Cable,Broken Bow TV Cable,130168,Broken Bow TV Cable,OK,400890987004036,42,1,6,1.5,1
212,69543,0003723152,Broken Bow TV Cable,Broken Bow Cable,Broken Bow TV Cable,130168,Broken Bow TV Cable,OK,400890987004037,42,1,6,1.5,1
213,69543,0003723152,Broken Bow TV Cable,Broken Bow Cable,Broken Bow TV Cable,130168,Broken Bow TV Cable,OK,400890987004038,42,1,6,1.5,1
214,69543,0003723152,Broken Bow TV Cable,Broken Bow Cable,Broken Bow TV Cable,130168,Broken Bow TV Cable,OK,400890987004039,42,1,6,1.5,1
215,69543,0003723152,Broken Bow TV Cable,Broken Bow Cable,Broken Bow TV Cable,130168,Broken Bow TV Cable,OK,400890987004040,42,1,6,1.5,1
216,69543,0003723152,Broken Bow TV Cable,Broken Bow Cable,Broken Bow TV Cable,130168,Broken Bow TV Cable,OK,400890987004041,42,1,6,1.5,1
217,69543,0003723152,Broken Bow TV Cable,Broken Bow Cable,Broken Bow TV Cable,130168,Broken Bow TV Cable,OK,400890987004042,42,1,6,1.5,1
218,69543,0003723152,Broken Bow TV Cable,Broken Bow Cable,Broken Bow TV Cable,130168,Broken Bow TV Cable,OK,400890987004043,42,1,6,1.5,1
219,69543,0003723152,Broken Bow TV Cable,Broken Bow Cable,Broken Bow TV Cable,130168,Broken Bow TV Cable,OK,400890987004044,42,1,6,1.5,1
220,69543,0003723152,Broken Bow TV Cable,Broken Bow Cable,Broken Bow TV Cable,130168,Broken Bow TV Cable,OK,400890987004045,42,1,6,1.5,1
221,69543,0003723152,Broken Bow TV Cable,Broken Bow Cable,Broken Bow TV Cable,130168,Broken Bow TV Cable,OK,400890987004046,42,1,6,1.5,1
222,69543,0003723152,Broken Bow TV Cable,Broken Bow Cable,Broken Bow TV Cable,130168,Broken Bow TV Cable,OK,400890987004047,42,1,6,1.5,1
223,69543,0003723152,Broken Bow TV Cable,Broken Bow Cable,Broken Bow TV Cable,130168,Broken Bow TV Cable,OK,400890987004048,42,1,6,1.5,1
224,69543,0003723152,Broken Bow TV Cable,Broken Bow Cable,Broken Bow TV Cable,130168,Broken Bow TV Cable,OK,400890987004049,42,1,6,1.5,1
225,69543,0003723152,Broken Bow TV Cable,Broken Bow Cable,Broken Bow TV Cable,130168,Broken Bow TV Cable,OK,400890987004050,42,1,6,1.5,1
226,69543,0003723152,Broken Bow TV Cable,Broken Bow Cable,Broken Bow TV Cable,130168,Broken Bow TV Cable,OK,400890987004051,42,1,6,1.5,1
227,69543,0003723152,Broken Bow TV Cable,Broken Bow Cable,Broken Bow TV Cable,130168,Broken Bow TV Cable,OK,400890987004052,42,1,6,1.5,1
228,69543,0003723152,Broken Bow TV Cable,Broken Bow Cable,Broken Bow TV Cable,130168,Broken Bow TV Cable,OK,400890987004053,42,1,6,1.5,1
229,69543,0003723152,Broken Bow TV Cable,Broken Bow Cable,Broken Bow TV Cable,130168,Broken Bow TV Cable,OK,400890987004054,42,1,6,1.5,1
230,69543,0003723152,Broken Bow TV Cable,Broken Bow Cable,Broken Bow TV Cable,130168,Broken Bow TV Cable,OK,400890987004055,42,1,6,1.5,1
231,69543,0003723152,Broken Bow TV Cable,Broken Bow Cable,Broken Bow TV Cable,130168,Broken Bow TV Cable,OK,400890987004056,42,1,6,1.5,1
232,69543,0003723152,Broken Bow TV Cable,Broken Bow Cable,Broken Bow TV Cable,130168,Broken Bow TV Cable,OK,400890987004057,42,1,6,1.5,1
233,69543,0003723152,Broken Bow TV Cable,Broken Bow Cable,Broken Bow TV Cable,130168,Broken Bow TV Cable,OK,400890987004058,42,1,6,1.5,1
234,69543,0003723152,Broken Bow TV Cable,Broken Bow Cable,Broken Bow TV Cable,130168,Broken Bow TV Cable,OK,400890987004059,42,1,6,1.5,1
235,69543,0003723152,Broken Bow TV Cable,Broken Bow Cable,Broken Bow TV Cable,130168,Broken Bow TV Cable,OK,400890987004060,42,1,6,1.5,1
236,69543,0003723152,Broken Bow TV Cable,Broken Bow Cable,Broken Bow TV Cable,130168,Broken Bow TV Cable,OK,400890987004061,42,1,6,1.5,1
237,69543,0003723152,Broken Bow TV Cable,Broken Bow Cable,Broken Bow TV Cable,130168,Broken Bow TV Cable,OK,400890987004062,42,1,6,1.5,1
238,69543,0003723152,Broken Bow TV Cable,Broken Bow Cable,Broken Bow TV Cable,130168,Broken Bow TV Cable,OK,400890987004063,42,1,6,1.5,1
239,69543,0003723152,Broken Bow TV Cable,Broken Bow Cable,Broken Bow TV Cable,130168,Broken Bow TV Cable,OK,400890987004064,42,1,6,1.5,1
240,69543,0003723152,Broken Bow TV Cable,Broken Bow Cable,Broken Bow TV Cable,130168,Broken Bow TV Cable,OK,400890987004065,42,1,6,1.5,1
241,69543,0003723152,Broken Bow TV Cable,Broken Bow Cable,Broken Bow TV Cable,130168,Broken Bow TV Cable,OK,400890987004066,42,1,6,1.5,1
242,69543,0003723152,Broken Bow TV Cable,Broken Bow Cable,Broken Bow TV Cable,130168,Broken Bow TV Cable,OK,400890987004067,42,1,6,1.5,1
243,69543,0003723152,Broken Bow TV Cable,Broken Bow Cable,Broken Bow TV Cable,130168,Broken Bow TV Cable,OK,400890987004068,42,1,6,1.5,1
244,69543,0003723152,Broken Bow TV Cable,Broken Bow Cable,Broken Bow TV Cable,130168,Broken Bow TV Cable,OK,400890987004069,42,1,6,1.5,1
245,69543,0003723152,Broken Bow TV Cable,Broken Bow Cable,Broken Bow TV Cable,130168,Broken Bow TV Cable,OK,400890987004070,42,1,6,1.5,1
246,69543,0003723152,Broken Bow TV Cable,Broken Bow Cable,Broken Bow TV Cable,130168,Broken Bow TV Cable,OK,400890987004071,42,1,6,1.5,1
247,69543,0003723152,Broken Bow TV Cable,Broken Bow Cable,Broken Bow TV Cable,130168,Broken Bow TV Cable,OK,400890987004072,42,1,6,1.5,1
248,69543,0003723152,Broken Bow TV Cable,Broken Bow Cable,Broken Bow TV Cable,130168,Broken Bow TV Cable,OK,400890987004073,42,1,6,1.5,1
249,69543,0003723152,Broken Bow TV Cable,Broken Bow Cable,Broken Bow TV Cable,130168,Broken Bow TV Cable,OK,400890987004074,42,1,6,1.5,1
250,69543,0003723152,Broken Bow TV Cable,Broken Bow Cable,Broken Bow TV Cable,130168,Broken Bow TV Cable,OK,400890987004075,42,1,6,1.5,1
251,69543,0003723152,Broken Bow TV Cable,Broken Bow Cable,Broken Bow TV Cable,130168,Broken Bow TV Cable,OK,400890987004076,42,1,6,1.5,1
252,69543,0003723152,Broken Bow TV Cable,Broken Bow Cable,Broken Bow TV Cable,130168,Broken Bow TV Cable,OK,400890987005000,42,1,6,1.5,1
253,69543,0003723152,Broken Bow TV Cable,Broken Bow Cable,Broken Bow TV Cable,130168,Broken Bow TV Cable,OK,400890987005001,42,1,6,1.5,1
254,69543,0003723152,Broken Bow TV Cable,Broken Bow Cable,Broken Bow TV Cable,130168,Broken Bow TV Cable,OK,400890987005002,42,1,6,1.5,1
255,69543,0003723152,Broken Bow TV Cable,Broken Bow Cable,Broken Bow TV Cable,130168,Broken Bow TV Cable,OK,400890987005003,42,1,6,1.5,1
256,69543,0003723152,Broken Bow TV Cable,Broken Bow Cable,Broken Bow TV Cable,130168,Broken Bow TV Cable,OK,400890987005004,42,1,6,1.5,1
257,69543,0003723152,Broken Bow TV Cable,Broken Bow Cable,Broken Bow TV Cable,130168,Broken Bow TV Cable,OK,400890987005005,42,1,6,1.5,1
258,69543,0003723152,Broken Bow TV Cable,Broken Bow Cable,Broken Bow TV Cable,130168,Broken Bow TV Cable,OK,400890987005006,42,1,6,1.5,1
259,69543,0003723152,Broken Bow TV Cable,Broken Bow Cable,Broken Bow TV Cable,130168,Broken Bow TV Cable,OK,400890987005007,42,1,6,1.5,1
260,69543,0003723152,Broken Bow TV Cable,Broken Bow Cable,Broken Bow TV Cable,130168,Broken Bow TV Cable,OK,400890987005008,42,1,6,1.5,1
261,69543,0003723152,Broken Bow TV Cable,Broken Bow Cable,Broken Bow TV Cable,130168,Broken Bow TV Cable,OK,400890987005009,42,1,6,1.5,1
262,69543,0003723152,Broken Bow TV Cable,Broken Bow Cable,Broken Bow TV Cable,130168,Broken Bow TV Cable,OK,400890987005010,42,1,6,1.5,1
263,69543,0003723152,Broken Bow TV Cable,Broken Bow Cable,Broken Bow TV Cable,130168,Broken Bow TV Cable,OK,400890987005011,42,1,6,1.5,1
264,69543,0003723152,Broken Bow TV Cable,Broken Bow Cable,Broken Bow TV Cable,130168,Broken Bow TV Cable,OK,400890987005012,42,1,6,1.5,1
265,69543,0003723152,Broken Bow TV Cable,Broken Bow Cable,Broken Bow TV Cable,130168,Broken Bow TV Cable,OK,400890987005013,42,1,6,1.5,1
266,69543,0003723152,Broken Bow TV Cable,Broken Bow Cable,Broken Bow TV Cable,130168,Broken Bow TV Cable,OK,400890987005014,42,1,6,1.5,1
267,69543,0003723152,Broken Bow TV Cable,Broken Bow Cable,Broken Bow TV Cable,130168,Broken Bow TV Cable,OK,400890987005015,42,1,6,1.5,1
268,69543,0003723152,Broken Bow TV Cable,Broken Bow Cable,Broken Bow TV Cable,130168,Broken Bow TV Cable,OK,400890987005016,42,1,6,1.5,1
269,69543,0003723152,Broken Bow TV Cable,Broken Bow Cable,Broken Bow TV Cable,130168,Broken Bow TV Cable,OK,400890987005017,42,1,6,1.5,1
270,69543,0003723152,Broken Bow TV Cable,Broken Bow Cable,Broken Bow TV Cable,130168,Broken Bow TV Cable,OK,400890987005018,42,1,6,1.5,1
271,69543,0003723152,Broken Bow TV Cable,Broken Bow Cable,Broken Bow TV Cable,130168,Broken Bow TV Cable,OK,400890987005019,42,1,6,1.5,1
272,69543,0003723152,Broken Bow TV Cable,Broken Bow Cable,Broken Bow TV Cable,130168,Broken Bow TV Cable,OK,400890987005020,42,1,6,1.5,1
273,69543,0003723152,Broken Bow TV Cable,Broken Bow Cable,Broken Bow TV Cable,130168,Broken Bow TV Cable,OK,400890987005021,42,1,6,1.5,1
274,69543,0003723152,Broken Bow TV Cable,Broken Bow Cable,Broken Bow TV Cable,130168,Broken Bow TV Cable,OK,400890987005022,42,1,6,1.5,1
275,69543,0003723152,Broken Bow TV Cable,Broken Bow Cable,Broken Bow TV Cable,130168,Broken Bow TV Cable,OK,400890987005023,42,1,6,1.5,1
276,69543,0003723152,Broken Bow TV Cable,Broken Bow Cable,Broken Bow TV Cable,130168,Broken Bow TV Cable,OK,400890987005024,42,1,6,1.5,1
277,69543,0003723152,Broken Bow TV Cable,Broken Bow Cable,Broken Bow TV Cable,130168,Broken Bow TV Cable,OK,400890987005025,42,1,6,1.5,1
278,69543,0003723152,Broken Bow TV Cable,Broken Bow Cable,Broken Bow TV Cable,130168,Broken Bow TV Cable,OK,400890987005026,42,1,6,1.5,1
279,69543,0003723152,Broken Bow TV Cable,Broken Bow Cable,Broken Bow TV Cable,130168,Broken Bow TV Cable,OK,400890987005027,42,1,6,1.5,1
280,69543,0003723152,Broken Bow TV Cable,Broken Bow Cable,Broken Bow TV Cable,130168,Broken Bow TV Cable,OK,400890987005028,42,1,6,1.5,1
281,69543,0003723152,Broken Bow TV Cable,Broken Bow Cable,Broken Bow TV Cable,130168,Broken Bow TV Cable,OK,400890987005029,42,1,6,1.5,1
282,69543,0003723152,Broken Bow TV Cable,Broken Bow Cable,Broken Bow TV Cable,130168,Broken Bow TV Cable,OK,400890987005030,42,1,6,1.5,1
283,69543,0003723152,Broken Bow TV Cable,Broken Bow Cable,Broken Bow TV Cable,130168,Broken Bow TV Cable,OK,400890987005031,42,1,6,1.5,1
284,69543,0003723152,Broken Bow TV Cable,Broken Bow Cable,Broken Bow TV Cable,130168,Broken Bow TV Cable,OK,400890987005032,42,1,6,1.5,1
285,69543,0003723152,Broken Bow TV Cable,Broken Bow Cable,Broken Bow TV Cable,130168,Broken Bow TV Cable,OK,400890987005033,42,1,6,1.5,1
286,69543,0003723152,Broken Bow TV Cable,Broken Bow Cable,Broken Bow TV Cable,130168,Broken Bow TV Cable,OK,400890987005034,42,1,6,1.5,1
287,69543,0003723152,Broken Bow TV Cable,Broken Bow Cable,Broken Bow TV Cable,130168,Broken Bow TV Cable,OK,400890987005035,42,1,6,1.5,1
288,69543,0003723152,Broken Bow TV Cable,Broken Bow Cable,Broken Bow TV Cable,130168,Broken Bow TV Cable,OK,400890987005036,42,1,6,1.5,1
289,69543,0003723152,Broken Bow TV Cable,Broken Bow Cable,Broken Bow TV Cable,130168,Broken Bow TV Cable,OK,400890987005037,42,1,6,1.5,1
290,69543,0003723152,Broken Bow TV Cable,Broken Bow Cable,Broken Bow TV Cable,130168,Broken Bow TV Cable,OK,400890987005038,42,1,6,1.5,1
291,69543,0003723152,Broken Bow TV Cable,Broken Bow Cable,Broken Bow TV Cable,130168,Broken Bow TV Cable,OK,400890987005039,42,1,6,1.5,1
292,69543,0003723152,Broken Bow TV Cable,Broken Bow Cable,Broken Bow TV Cable,130168,Broken Bow TV Cable,OK,400890987005040,42,1,6,1.5,1
293,69543,0003723152,Broken Bow TV Cable,Broken Bow Cable,Broken Bow TV Cable,130168,Broken Bow TV Cable,OK,400890987005041,42,1,6,1.5,1
294,69543,0003723152,Broken Bow TV Cable,Broken Bow Cable,Broken Bow TV Cable,130168,Broken Bow TV Cable,OK,400890987005042,42,1,6,1.5,1
295,69543,0003723152,Broken Bow TV Cable,Broken Bow Cable,Broken Bow TV Cable,130168,Broken Bow TV Cable,OK,400890987005043,42,1,6,1.5,1
296,69543,0003723152,Broken Bow TV Cable,Broken Bow Cable,Broken Bow TV Cable,130168,Broken Bow TV Cable,OK,400890987005044,42,1,6,1.5,1
297,69543,0003723152,Broken Bow TV Cable,Broken Bow Cable,Broken Bow TV Cable,130168,Broken Bow TV Cable,OK,400890988001003,42,1,6,1.5,1
298,69543,0003723152,Broken Bow TV Cable,Broken Bow Cable,Broken Bow TV Cable,130168,Broken Bow TV Cable,OK,400890988001004,42,1,6,1.5,1
299,69543,0003723152,Broken Bow TV Cable,Broken Bow Cable,Broken Bow TV Cable,130168,Broken Bow TV Cable,OK,400890988001005,42,1,6,1.5,1
300,69543,0003723152,Broken Bow TV Cable,Broken Bow Cable,Broken Bow TV Cable,130168,Broken Bow TV Cable,OK,400890988001006,42,1,6,1.5,1
301,69543,0003723152,Broken Bow TV Cable,Broken Bow Cable,Broken Bow TV Cable,130168,Broken Bow TV Cable,OK,400890988001007,42,1,6,1.5,1
302,69543,0003723152,Broken Bow TV Cable,Broken Bow Cable,Broken Bow TV Cable,130168,Broken Bow TV Cable,OK,400890988001008,42,1,6,1.5,1
303,69543,0003723152,Broken Bow TV Cable,Broken Bow Cable,Broken Bow TV Cable,130168,Broken Bow TV Cable,OK,400890988001009,42,1,6,1.5,1
304,69543,0003723152,Broken Bow TV Cable,Broken Bow Cable,Broken Bow TV Cable,130168,Broken Bow TV Cable,OK,400890988001010,42,1,6,1.5,1
305,69543,0003723152,Broken Bow TV Cable,Broken Bow Cable,Broken Bow TV Cable,130168,Broken Bow TV Cable,OK,400890988001011,42,1,6,1.5,1
306,69543,0003723152,Broken Bow TV Cable,Broken Bow Cable,Broken Bow TV Cable,130168,Broken Bow TV Cable,OK,400890988001012,42,1,6,1.5,1
307,69543,0003723152,Broken Bow TV Cable,Broken Bow Cable,Broken Bow TV Cable,130168,Broken Bow TV Cable,OK,400890988001013,42,1,6,1.5,1
308,69543,0003723152,Broken Bow TV Cable,Broken Bow Cable,Broken Bow TV Cable,130168,Broken Bow TV Cable,OK,400890988001014,42,1,6,1.5,1
309,69543,0003723152,Broken Bow TV Cable,Broken Bow Cable,Broken Bow TV Cable,130168,Broken Bow TV Cable,OK,400890988001015,42,1,6,1.5,1
310,69543,0003723152,Broken Bow TV Cable,Broken Bow Cable,Broken Bow TV Cable,130168,Broken Bow TV Cable,OK,400890988001016,42,1,6,1.5,1
311,69543,0003723152,Broken Bow TV Cable,Broken Bow Cable,Broken Bow TV Cable,130168,Broken Bow TV Cable,OK,400890988001017,42,1,6,1.5,1
312,69543,0003723152,Broken Bow TV Cable,Broken Bow Cable,Broken Bow TV Cable,130168,Broken Bow TV Cable,OK,400890988001018,42,1,6,1.5,1
313,69543,0003723152,Broken Bow TV Cable,Broken Bow Cable,Broken Bow TV Cable,130168,Broken Bow TV Cable,OK,400890988001019,42,1,6,1.5,1
314,69543,0003723152,Broken Bow TV Cable,Broken Bow Cable,Broken Bow TV Cable,130168,Broken Bow TV Cable,OK,400890988001020,42,1,6,1.5,1
315,69543,0003723152,Broken Bow TV Cable,Broken Bow Cable,Broken Bow TV Cable,130168,Broken Bow TV Cable,OK,400890988001021,42,1,6,1.5,1
316,69543,0003723152,Broken Bow TV Cable,Broken Bow Cable,Broken Bow TV Cable,130168,Broken Bow TV Cable,OK,400890988001027,42,1,6,1.5,1
317,69543,0003723152,Broken Bow TV Cable,Broken Bow Cable,Broken Bow TV Cable,130168,Broken Bow TV Cable,OK,400890988001028,42,1,6,1.5,1
318,69543,0003723152,Broken Bow TV Cable,Broken Bow Cable,Broken Bow TV Cable,130168,Broken Bow TV Cable,OK,400890988001029,42,1,6,1.5,1
319,69543,0003723152,Broken Bow TV Cable,Broken Bow Cable,Broken Bow TV Cable,130168,Broken Bow TV Cable,OK,400890988001030,42,1,6,1.5,1
320,69543,0003723152,Broken Bow TV Cable,Broken Bow Cable,Broken Bow TV Cable,130168,Broken Bow TV Cable,OK,400890988001031,42,1,6,1.5,1
321,69543,0003723152,Broken Bow TV Cable,Broken Bow Cable,Broken Bow TV Cable,130168,Broken Bow TV Cable,OK,400890988001032,42,1,6,1.5,1
322,69543,0003723152,Broken Bow TV Cable,Broken Bow Cable,Broken Bow TV Cable,130168,Broken Bow TV Cable,OK,400890988001033,42,1,6,1.5,1
323,69543,0003723152,Broken Bow TV Cable,Broken Bow Cable,Broken Bow TV Cable,130168,Broken Bow TV Cable,OK,400890988001034,42,1,6,1.5,1
324,69543,0003723152,Broken Bow TV Cable,Broken Bow Cable,Broken Bow TV Cable,130168,Broken Bow TV Cable,OK,400890988001035,42,1,6,1.5,1
325,69543,0003723152,Broken Bow TV Cable,Broken Bow Cable,Broken Bow TV Cable,130168,Broken Bow TV Cable,OK,400890988001036,42,1,6,1.5,1
326,69543,0003723152,Broken Bow TV Cable,Broken Bow Cable,Broken Bow TV Cable,130168,Broken Bow TV Cable,OK,400890988001037,42,1,6,1.5,1
327,69543,0003723152,Broken Bow TV Cable,Broken Bow Cable,Broken Bow TV Cable,130168,Broken Bow TV Cable,OK,400890988001038,42,1,6,1.5,1
328,69543,0003723152,Broken Bow TV Cable,Broken Bow Cable,Broken Bow TV Cable,130168,Broken Bow TV Cable,OK,400890988001039,42,1,6,1.5,1
329,69543,0003723152,Broken Bow TV Cable,Broken Bow Cable,Broken Bow TV Cable,130168,Broken Bow TV Cable,OK,400890988001040,42,1,6,1.5,1
330,69543,0003723152,Broken Bow TV Cable,Broken Bow Cable,Broken Bow TV Cable,130168,Broken Bow TV Cable,OK,400890988001041,42,1,6,1.5,1
331,69543,0003723152,Broken Bow TV Cable,Broken Bow Cable,Broken Bow TV Cable,130168,Broken Bow TV Cable,OK,400890988001042,42,1,6,1.5,1
332,69543,0003723152,Broken Bow TV Cable,Broken Bow Cable,Broken Bow TV Cable,130168,Broken Bow TV Cable,OK,400890988001043,42,1,6,1.5,1
333,69543,0003723152,Broken Bow TV Cable,Broken Bow Cable,Broken Bow TV Cable,130168,Broken Bow TV Cable,OK,400890988001044,42,1,6,1.5,1
334,69543,0003723152,Broken Bow TV Cable,Broken Bow Cable,Broken Bow TV Cable,130168,Broken Bow TV Cable,OK,400890988001045,42,1,6,1.5,1
335,69543,0003723152,Broken Bow TV Cable,Broken Bow Cable,Broken Bow TV Cable,130168,Broken Bow TV Cable,OK,400890988001046,42,1,6,1.5,1
336,69543,0003723152,Broken Bow TV Cable,Broken Bow Cable,Broken Bow TV Cable,130168,Broken Bow TV Cable,OK,400890988001047,42,1,6,1.5,1
337,69543,0003723152,Broken Bow TV Cable,Broken Bow Cable,Broken Bow TV Cable,130168,Broken Bow TV Cable,OK,400890988001048,42,1,6,1.5,1
338,69543,0003723152,Broken Bow TV Cable,Broken Bow Cable,Broken Bow TV Cable,130168,Broken Bow TV Cable,OK,400890988001049,42,1,6,1.5,1
339,69543,0003723152,Broken Bow TV Cable,Broken Bow Cable,Broken Bow TV Cable,130168,Broken Bow TV Cable,OK,400890988001050,42,1,6,1.5,1
340,69543,0003723152,Broken Bow TV Cable,Broken Bow Cable,Broken Bow TV Cable,130168,Broken Bow TV Cable,OK,400890988001051,42,1,6,1.5,1
341,69543,0003723152,Broken Bow TV Cable,Broken Bow Cable,Broken Bow TV Cable,130168,Broken Bow TV Cable,OK,400890988001052,42,1,6,1.5,1
342,69543,0003723152,Broken Bow TV Cable,Broken Bow Cable,Broken Bow TV Cable,130168,Broken Bow TV Cable,OK,400890988001053,42,1,6,1.5,1
343,69543,0003723152,Broken Bow TV Cable,Broken Bow Cable,Broken Bow TV Cable,130168,Broken Bow TV Cable,OK,400890988001054,42,1,6,1.5,1
344,69543,0003723152,Broken Bow TV Cable,Broken Bow Cable,Broken Bow TV Cable,130168,Broken Bow TV Cable,OK,400890988001055,42,1,6,1.5,1
345,69543,0003723152,Broken Bow TV Cable,Broken Bow Cable,Broken Bow TV Cable,130168,Broken Bow TV Cable,OK,400890988001056,42,1,6,1.5,1
346,69543,0003723152,Broken Bow TV Cable,Broken Bow Cable,Broken Bow TV Cable,130168,Broken Bow TV Cable,OK,400890988001057,42,1,6,1.5,1
347,69543,0003723152,Broken Bow TV Cable,Broken Bow Cable,Broken Bow TV Cable,130168,Broken Bow TV Cable,OK,400890988001058,42,1,6,1.5,1
348,69543,0003723152,Broken Bow TV Cable,Broken Bow Cable,Broken Bow TV Cable,130168,Broken Bow TV Cable,OK,400890988001059,42,1,6,1.5,1
349,69543,0003723152,Broken Bow TV Cable,Broken Bow Cable,Broken Bow TV Cable,130168,Broken Bow TV Cable,OK,400890988001060,42,1,6,1.5,1
350,69543,0003723152,Broken Bow TV Cable,Broken Bow Cable,Broken Bow TV Cable,130168,Broken Bow TV Cable,OK,400890988001061,42,1,6,1.5,1
351,69543,0003723152,Broken Bow TV Cable,Broken Bow Cable,Broken Bow TV Cable,130168,Broken Bow TV Cable,OK,400890988001062,42,1,6,1.5,1
352,69543,0003723152,Broken Bow TV Cable,Broken Bow Cable,Broken Bow TV Cable,130168,Broken Bow TV Cable,OK,400890988001063,42,1,6,1.5,1
353,69543,0003723152,Broken Bow TV Cable,Broken Bow Cable,Broken Bow TV Cable,130168,Broken Bow TV Cable,OK,400890988001064,42,1,6,1.5,1
354,69543,0003723152,Broken Bow TV Cable,Broken Bow Cable,Broken Bow TV Cable,130168,Broken Bow TV Cable,OK,400890988001065,42,1,6,1.5,1
355,69543,0003723152,Broken Bow TV Cable,Broken Bow Cable,Broken Bow TV Cable,130168,Broken Bow TV Cable,OK,400890988001066,42,1,6,1.5,1
356,69543,0003723152,Broken Bow TV Cable,Broken Bow Cable,Broken Bow TV Cable,130168,Broken Bow TV Cable,OK,400890988001067,42,1,6,1.5,1
357,69543,0003723152,Broken Bow TV Cable,Broken Bow Cable,Broken Bow TV Cable,130168,Broken Bow TV Cable,OK,400890988001068,42,1,6,1.5,1
358,69543,0003723152,Broken Bow TV Cable,Broken Bow Cable,Broken Bow TV Cable,130168,Broken Bow TV Cable,OK,400890988001069,42,1,6,1.5,1
359,69543,0003723152,Broken Bow TV Cable,Broken Bow Cable,Broken Bow TV Cable,130168,Broken Bow TV Cable,OK,400890988001070,42,1,6,1.5,1
360,69543,0003723152,Broken Bow TV Cable,Broken Bow Cable,Broken Bow TV Cable,130168,Broken Bow TV Cable,OK,400890988001075,42,1,6,1.5,1
361,69543,0003723152,Broken Bow TV Cable,Broken Bow Cable,Broken Bow TV Cable,130168,Broken Bow TV Cable,OK,400890988001076,42,1,6,1.5,1
362,69543,0003723152,Broken Bow TV Cable,Broken Bow Cable,Broken Bow TV Cable,130168,Broken Bow TV Cable,OK,400890988001077,42,1,6,1.5,1
363,69543,0003723152,Broken Bow TV Cable,Broken Bow Cable,Broken Bow TV Cable,130168,Broken Bow TV Cable,OK,400890988001078,42,1,6,1.5,1
364,69543,0003723152,Broken Bow TV Cable,Broken Bow Cable,Broken Bow TV Cable,130168,Broken Bow TV Cable,OK,400890988001079,42,1,6,1.5,1
365,69543,0003723152,Broken Bow TV Cable,Broken Bow Cable,Broken Bow TV Cable,130168,Broken Bow TV Cable,OK,400890988001080,42,1,6,1.5,1
366,69543,0003723152,Broken Bow TV Cable,Broken Bow Cable,Broken Bow TV Cable,130168,Broken Bow TV Cable,OK,400890988001081,42,1,6,1.5,1
367,69543,0003723152,Broken Bow TV Cable,Broken Bow Cable,Broken Bow TV Cable,130168,Broken Bow TV Cable,OK,400890988001082,42,1,6,1.5,1
368,69543,0003723152,Broken Bow TV Cable,Broken Bow Cable,Broken Bow TV Cable,130168,Broken Bow TV Cable,OK,400890988001083,42,1,6,1.5,1
369,69543,0003723152,Broken Bow TV Cable,Broken Bow Cable,Broken Bow TV Cable,130168,Broken Bow TV Cable,OK,400890988001084,42,1,6,1.5,1
370,69543,0003723152,Broken Bow TV Cable,Broken Bow Cable,Broken Bow TV Cable,130168,Broken Bow TV Cable,OK,400890988001085,42,1,6,1.5,1
371,69543,0003723152,Broken Bow TV Cable,Broken Bow Cable,Broken Bow TV Cable,130168,Broken Bow TV Cable,OK,400890988001086,42,1,6,1.5,1
372,69543,0003723152,Broken Bow TV Cable,Broken Bow Cable,Broken Bow TV Cable,130168,Broken Bow TV Cable,OK,400890988001087,42,1,6,1.5,1
373,69543,0003723152,Broken Bow TV Cable,Broken Bow Cable,Broken Bow TV Cable,130168,Broken Bow TV Cable,OK,400890988001088,42,1,6,1.5,1
374,69543,0003723152,Broken Bow TV Cable,Broken Bow Cable,Broken Bow TV Cable,130168,Broken Bow TV Cable,OK,400890988001089,42,1,6,1.5,1
375,69543,0003723152,Broken Bow TV Cable,Broken Bow Cable,Broken Bow TV Cable,130168,Broken Bow TV Cable,OK,400890988001090,42,1,6,1.5,1
376,69543,0003723152,Broken Bow TV Cable,Broken Bow Cable,Broken Bow TV Cable,130168,Broken Bow TV Cable,OK,400890988001091,42,1,6,1.5,1
377,69543,0003723152,Broken Bow TV Cable,Broken Bow Cable,Broken Bow TV Cable,130168,Broken Bow TV Cable,OK,400890988001092,42,1,6,1.5,1
378,69543,0003723152,Broken Bow TV Cable,Broken Bow Cable,Broken Bow TV Cable,130168,Broken Bow TV Cable,OK,400890988001093,42,1,6,1.5,1
379,69543,0003723152,Broken Bow TV Cable,Broken Bow Cable,Broken Bow TV Cable,130168,Broken Bow TV Cable,OK,400890988001094,42,1,6,1.5,1
380,69543,0003723152,Broken Bow TV Cable,Broken Bow Cable,Broken Bow TV Cable,130168,Broken Bow TV Cable,OK,400890988001095,42,1,6,1.5,1
381,69543,0003723152,Broken Bow TV Cable,Broken Bow Cable,Broken Bow TV Cable,130168,Broken Bow TV Cable,OK,400890988001096,42,1,6,1.5,1
382,69543,0003723152,Broken Bow TV Cable,Broken Bow Cable,Broken Bow TV Cable,130168,Broken Bow TV Cable,OK,400890988001097,42,1,6,1.5,1
383,69543,0003723152,Broken Bow TV Cable,Broken Bow Cable,Broken Bow TV Cable,130168,Broken Bow TV Cable,OK,400890988001098,42,1,6,1.5,1
384,69543,0003723152,Broken Bow TV Cable,Broken Bow Cable,Broken Bow TV Cable,130168,Broken Bow TV Cable,OK,400890988001099,42,1,6,1.5,1
385,69543,0003723152,Broken Bow TV Cable,Broken Bow Cable,Broken Bow TV Cable,130168,Broken Bow TV Cable,OK,400890988001100,42,1,6,1.5,1
386,69543,0003723152,Broken Bow TV Cable,Broken Bow Cable,Broken Bow TV Cable,130168,Broken Bow TV Cable,OK,400890988001101,42,1,6,1.5,1
387,69543,0003723152,Broken Bow TV Cable,Broken Bow Cable,Broken Bow TV Cable,130168,Broken Bow TV Cable,OK,400890988001103,42,1,6,1.5,1
388,69543,0003723152,Broken Bow TV Cable,Broken Bow Cable,Broken Bow TV Cable,130168,Broken Bow TV Cable,OK,400890988001104,42,1,6,1.5,1
389,69543,0003723152,Broken Bow TV Cable,Broken Bow Cable,Broken Bow TV Cable,130168,Broken Bow TV Cable,OK,400890988001120,42,1,6,1.5,1
390,69543,0003723152,Broken Bow TV Cable,Broken Bow Cable,Broken Bow TV Cable,130168,Broken Bow TV Cable,OK,400890988001121,42,1,6,1.5,1
391,69543,0003723152,Broken Bow TV Cable,Broken Bow Cable,Broken Bow TV Cable,130168,Broken Bow TV Cable,OK,400890988001122,42,1,6,1.5,1
392,69543,0003723152,Broken Bow TV Cable,Broken Bow Cable,Broken Bow TV Cable,130168,Broken Bow TV Cable,OK,400890988001128,42,1,6,1.5,1
393,69543,0003723152,Broken Bow TV Cable,Broken Bow Cable,Broken Bow TV Cable,130168,Broken Bow TV Cable,OK,400890988001129,42,1,6,1.5,1
394,69543,0003723152,Broken Bow TV Cable,Broken Bow Cable,Broken Bow TV Cable,130168,Broken Bow TV Cable,OK,400890988001143,42,1,6,1.5,1
395,69543,0003723152,Broken Bow TV Cable,Broken Bow Cable,Broken Bow TV Cable,130168,Broken Bow TV Cable,OK,400890988001144,42,1,6,1.5,1
396,69543,0003723152,Broken Bow TV Cable,Broken Bow Cable,Broken Bow TV Cable,130168,Broken Bow TV Cable,OK,400890988001145,42,1,6,1.5,1
397,69543,0003723152,Broken Bow TV Cable,Broken Bow Cable,Broken Bow TV Cable,130168,Broken Bow TV Cable,OK,400890988001146,42,1,6,1.5,1
398,69543,0003723152,Broken Bow TV Cable,Broken Bow Cable,Broken Bow TV Cable,130168,Broken Bow TV Cable,OK,400890988001147,42,1,6,1.5,1
399,69543,0003723152,Broken Bow TV Cable,Broken Bow Cable,Broken Bow TV Cable,130168,Broken Bow TV Cable,OK,400890988001148,42,1,6,1.5,1
400,69543,0003723152,Broken Bow TV Cable,Broken Bow Cable,Broken Bow TV Cable,130168,Broken Bow TV Cable,OK,400890988001149,42,1,6,1.5,1
401,69543,0003723152,Broken Bow TV Cable,Broken Bow Cable,Broken Bow TV Cable,130168,Broken Bow TV Cable,OK,400890988001150,42,1,6,1.5,1
402,69543,0003723152,Broken Bow TV Cable,Broken Bow Cable,Broken Bow TV Cable,130168,Broken Bow TV Cable,OK,400890988001152,42,1,6,1.5,1
403,69543,0003723152,Broken Bow TV Cable,Broken Bow Cable,Broken Bow TV Cable,130168,Broken Bow TV Cable,OK,400890988001153,42,1,6,1.5,1
404,69543,0003723152,Broken Bow TV Cable,Broken Bow Cable,Broken Bow TV Cable,130168,Broken Bow TV Cable,OK,400890988001154,42,1,6,1.5,1
405,69543,0003723152,Broken Bow TV Cable,Broken Bow Cable,Broken Bow TV Cable,130168,Broken Bow TV Cable,OK,400890988001155,42,1,6,1.5,1
406,69543,0003723152,Broken Bow TV Cable,Broken Bow Cable,Broken Bow TV Cable,130168,Broken Bow TV Cable,OK,400890988001156,42,1,6,1.5,1
407,69543,0003723152,Broken Bow TV Cable,Broken Bow Cable,Broken Bow TV Cable,130168,Broken Bow TV Cable,OK,400890988001157,42,1,6,1.5,1
408,69543,0003723152,Broken Bow TV Cable,Broken Bow Cable,Broken Bow TV Cable,130168,Broken Bow TV Cable,OK,400890988002002,42,1,6,1.5,1
409,69543,0003723152,Broken Bow TV Cable,Broken Bow Cable,Broken Bow TV Cable,130168,Broken Bow TV Cable,OK,400890988002006,42,1,6,1.5,1
410,69543,0003723152,Broken Bow TV Cable,Broken Bow Cable,Broken Bow TV Cable,130168,Broken Bow TV Cable,OK,400890988002008,42,1,6,1.5,1
411,69543,0003723152,Broken Bow TV Cable,Broken Bow Cable,Broken Bow TV Cable,130168,Broken Bow TV Cable,OK,400890988002009,42,1,6,1.5,1
412,69543,0003723152,Broken Bow TV Cable,Broken Bow Cable,Broken Bow TV Cable,130168,Broken Bow TV Cable,OK,400890988002010,42,1,6,1.5,1
413,69543,0003723152,Broken Bow TV Cable,Broken Bow Cable,Broken Bow TV Cable,130168,Broken Bow TV Cable,OK,400890988002011,42,1,6,1.5,1
414,69543,0003723152,Broken Bow TV Cable,Broken Bow Cable,Broken Bow TV Cable,130168,Broken Bow TV Cable,OK,400890988002014,42,1,6,1.5,1
415,69543,0003723152,Broken Bow TV Cable,Broken Bow Cable,Broken Bow TV Cable,130168,Broken Bow TV Cable,OK,400890988002015,42,1,6,1.5,1
416,69543,0003723152,Broken Bow TV Cable,Broken Bow Cable,Broken Bow TV Cable,130168,Broken Bow TV Cable,OK,400890988002016,42,1,6,1.5,1
417,69543,0003723152,Broken Bow TV Cable,Broken Bow Cable,Broken Bow TV Cable,130168,Broken Bow TV Cable,OK,400890988002017,42,1,6,1.5,1
418,69543,0003723152,Broken Bow TV Cable,Broken Bow Cable